id,name
65731,Sam Worthington
8691,Zoe Saldana
10205,Sigourney Weaver
32747,Stephen Lang
17647,Michelle Rodriguez
1771,Giovanni Ribisi
59231,Joel David Moore
30485,Cch Pounder
15853,Wes Studi
10964,Laz Alonso
85,Johnny Depp
114,Orlando Bloom
116,Keira Knightley
1640,Stellan Skarsgård
1619,Chow Yun-Fat
2440,Bill Nighy
118,Geoffrey Rush
1709,Jack Davenport
2449,Kevin Mcnally
2441,Tom Hollander
8784,Daniel Craig
27319,Christoph Waltz
121529,Léa Seydoux
5469,Ralph Fiennes
28782,Monica Bellucci
17064,Ben Whishaw
2038,Naomie Harris
543530,Dave Bautista
125660,Andrew Scott
139549,Rory Kinnear
3894,Christian Bale
3895,Michael Caine
64,Gary Oldman
1813,Anne Hathaway
2524,Tom Hardy
8293,Marion Cotillard
24045,Joseph Gordon-Levitt
192,Morgan Freeman
2037,Cillian Murphy
36594,Juno Temple
60900,Taylor Kitsch
21044,Lynn Collins
2206,Samantha Morton
5293,Willem Dafoe
19159,Thomas Haden Church
2983,Mark Strong
8785,Ciarán Hinds
17287,Dominic West
17648,James Purefoy
17419,Bryan Cranston
2219,Tobey Maguire
205,Kirsten Dunst
17051,James Franco
17052,Topher Grace
18997,Bryce Dallas Howard
18998,Rosemary Harris
2505,James Cromwell
18999,J.K. Simmons
9207,Theresa Russell
69899,Zachary Levi
16855,Mandy Moore
2517,Donna Murphy
2372,Ron Perlman
22132,M.C. Gainey
4175,Jeffrey Tambor
18,Brad Garrett
1219029,Paul F. Tompkins
10460,Richard Kiel
1273208,Delaney Rose Stein
3223,Robert Downey Jr.
74568,Chris Hemsworth
103,Mark Ruffalo
16828,Chris Evans
1245,Scarlett Johansson
17604,Jeremy Renner
13548,James Spader
2231,Samuel L. Jackson
1896,Don Cheadle
27428,Aaron Taylor-Johnson
10980,Daniel Radcliffe
10989,Rupert Grint
10990,Emma Watson
10993,Tom Felton
5658,Michael Gambon
388,Jim Broadbent
1283,Helena Bonham Carter
1923,Robbie Coltrane
10978,Maggie Smith
4566,Alan Rickman
880,Ben Affleck
73968,Henry Cavill
90633,Gal Gadot
9273,Amy Adams
44735,Jesse Eisenberg
2882,Diane Lane
16940,Jeremy Irons
2975,Laurence Fishburne
18686,Holly Hunter
59233,Scoot Mcnairy
18182,Olga Kurylenko
8789,Mathieu Amalric
5309,Judi Dench
3753,Giancarlo Giannini
59620,Gemma Arterton
2954,Jeffrey Wright
35029,David Harbour
2244,Jesper Christensen
62892,Anatole Taubman
378,Jonathan Pryce
1710,Lee Arenberg
1711,Mackenzie Crook
53807,Armie Hammer
886,William Fichtner
18473,James Badge Dale
207,Tom Wilkinson
47720,Ruth Wilson
12834,Barry Pepper
22063,James Frain
583040,Mason Cook
335,Michael Shannon
1269,Kevin Costner
934,Russell Crowe
43202,Antje Traue
22227,Christopher Meloni
213049,Jadin Gould
91606,Tom Hiddleston
9048,Clark Gregg
71189,Cobie Smulders
955,Penélope Cruz
6972,Ian Mcshane
237455,Sam Claflin
469759,Astrid Bergès-Frisbey
1115,Stephen Graham
4031,Greg Ellis
1712,Damian O'Hare
2888,Will Smith
2176,Tommy Lee Jones
16851,Josh Brolin
72873,Michael Stuhlbarg
7056,Emma Thompson
55936,Jemaine Clement
151246,Nicole Scherzinger
59860,Alice Eve
19278,Bill Hader
87070,Michael Chernus
7060,Martin Freeman
1327,Ian Mckellen
30315,Richard Armitage
25136,Ken Stott
95047,Graham Mctavish
67123,William Kircher
34715,James Nesbitt
1193834,Stephen Hunter
152566,Dean O'Gorman
207558,Aidan Turner
37625,Andrew Garfield
54693,Emma Stone
7026,Rhys Ifans
5724,Denis Leary
55152,Campbell Scott
76793,Irrfan Khan
8349,Martin Sheen
35,Sally Field
558928,Max Charles
231547,Chris Zylka
3489,Naomi Watts
70851,Jack Black
3490,Adrien Brody
3491,Thomas Kretschmann
3492,Colin Hanks
1333,Andy Serkis
3493,Evan Parke
478,Jamie Bell
3494,Lobo Chan
3495,John Sumner
204,Kate Winslet
6193,Leonardo Dicaprio
3713,Frances Fisher
1954,Billy Zane
8534,Kathy Bates
8535,Gloria Stuart
2053,Bill Paxton
1369,Bernard Hill
2076,David Warner
8536,Victor Garber
60898,Sebastian Stan
53650,Anthony Mackie
172069,Chadwick Boseman
6162,Paul Bettany
550843,Elizabeth Olsen
28846,Alexander Skarsgård
131519,Rihanna
131520,Brooklyn Decker
13275,Tadanobu Asano
3896,Liam Neeson
1052162,Gregory D. Gadson
184581,Hamish Linklater
88124,Jesse Plemons
205406,John Tui
73457,Chris Pratt
7132,Vincent D'Onofrio
1108907,Nick Robinson
17181,Ty Simpkins
543505,Jake Johnson
78423,Omar Sy
14592,Bd Wong
20750,Judy Greer
3810,Javier Bardem
1030261,Bérénice Marlohe
3926,Albert Finney
11045,Ola Rapace
658,Alfred Molina
19154,Daniel Gillies
19152,Dylan Baker
12052,Gwyneth Paltrow
529,Guy Pearce
15556,Rebecca Hall
15277,Jon Favreau
2282,Ben Kingsley
121953,Stephanie Szostak
76070,Mia Wasikowska
1064,Crispin Glover
20982,Marton Csokas
30083,Lindsay Duncan
26209,Matt Lucas
11855,Geraldine James
11276,Tim Pigott-Smith
6968,Hugh Jackman
4587,Halle Berry
2387,Patrick Stewart
10696,Famke Janssen
10690,Anna Paquin
7090,Kelsey Grammer
11023,Shawn Ashmore
11022,Aaron Stanford
27578,Ellen Page
7904,Billy Crystal
1230,John Goodman
884,Steve Buscemi
15735,Helen Mirren
1271300,Noah Johnston
21198,Peter Sohn
155649,Joel Murray
52601,Sean Hayes
21290,Dave Foley
95101,Charlie Day
10959,Shia Labeouf
19537,Megan Fox
19536,Josh Duhamel
11678,Rainn Wilson
8169,Tyrese Gibson
1241,John Turturro
14721,Kevin Dunn
24305,Julie White
72985,Ramón Rodríguez
103554,Isabel Lucas
13240,Mark Wahlberg
2283,Stanley Tucci
61186,Nicola Peltz
1007683,Jack Reynor
39389,Titus Welliver
3971,Sophia Myles
109432,Li Bingbing
51990,T.J. Miller
204100,James Bachman
18973,Mila Kunis
3293,Rachel Weisz
1812,Michelle Williams
5367,Zach Braff
8854,Bill Cobbs
125025,Joey King
19754,Tony Cox
224723,Stephen R. Hart
123725,Abigail Spencer
134,Jamie Foxx
122889,Dane Dehaan
6368,Embeth Davidtz
10132,Colm Feore
13242,Paul Giamatti
9828,Garrett Hedlund
1229,Jeff Bridges
59315,Olivia Wilde
2547,Bruce Boxleitner
60033,Yaya Dacosta
86268,Serinda Swan
20403,Beau Garrett
130108,Elizabeth Mathis
86269,Amy Esterle
887,Owen Wilson
15897,Larry The Cable Guy
1246,Emily Mortimer
1926,Eddie Izzard
3266,Joe Mantegna
31514,Peter Jacobson
11357,Bruce Campbell
10859,Ryan Reynolds
59175,Blake Lively
133,Peter Sarsgaard
504,Tim Robbins
7242,Temuera Morrison
109942,Jenna Craig
4602,Jon Tenney
27107,Mike Doyle
147719,Nick Jandl
31,Tom Hanks
12898,Tim Allen
13726,Ned Beatty
3234,Joan Cusack
2232,Michael Keaton
2395,Whoopi Goldberg
5149,Bonnie Hunt
12900,Wallace Shawn
7907,John Ratzenberger
7167,Don Rickles
21028,Anton Yelchin
56455,Moon Bloodgood
4238,Common
76542,Roland Kickinger
11086,Michael Ironside
13724,Jane Alexander
12835,Vin Diesel
8167,Paul Walker
18918,Dwayne Johnson
8171,Ludacris
22123,Jordana Brewster
938,Djimon Hounsou
57207,Tony Jaa
997887,Ronda Rousey
287,Brad Pitt
175826,Mireille Enos
1027850,Abigail Hargrove
1186840,Sterling Jerins
78050,Elyes Gabel
7219,David Andrews
1180907,Daniella Kertesz
119297,Ludi Boeken
2607,Fana Mokoena
5530,James Mcavoy
17288,Michael Fassbender
72129,Jennifer Lawrence
22970,Peter Dinklage
62064,Chris Pine
17306,Zachary Quinto
1372,Karl Urban
11108,Simon Pegg
68842,John Cho
71580,Benedict Cumberbatch
21089,Bruce Greenwood
27811,Peter Weller
3292,Nicholas Hoult
73357,Eleanor Tomlinson
3061,Ewan Mcgregor
1665,Eddie Marsan
1125,Ewen Bremner
11184,Warwick Davis
53916,Ralph Brown
36662,Carey Mulligan
33192,Joel Edgerton
1133349,Elizabeth Debicki
52848,Isla Fisher
76512,Jason Clarke
35780,Amitabh Bachchan
236851,Callan Mcauliffe
205474,Adelaide Clemens
131,Jake Gyllenhaal
55412,Steve Toussaint
20286,Toby Kebbell
52890,Richard Coyle
32556,Ronald Pickup
54810,Reece Ritchie
587354,Gísli Örn Garðarsson
17605,Idris Elba
56365,Charlie Hunnam
39659,Burn Gorman
18054,Rinko Kikuchi
94864,Max Martini
112692,Robert Maillet
1038379,Robert Kazinsky
118590,Larry Joe Campbell
6949,John Malkovich
83586,Ken Jeong
3910,Frances Mcdormand
1331,Hugo Weaving
1749,Leonard Nimoy
236048,Rosie Huntington-Whiteley
3,Harrison Ford
112,Cate Blanchett
5538,Ray Winstone
650,Karen Allen
5049,John Hurt
36218,Andrew Divoff
52761,Igor Jijikine
52762,Pavel Lychnikoff
9015,Kelly Macdonald
477,Julie Walters
9188,Billy Connolly
9013,Kevin Mckidd
24264,Craig Ferguson
1113604,Peigi Barker
1102427,Steven Cree
137262,Steve Purcell
568657,Sofia Boutella
592496,Joe Taslim
670,Ben Burtt
72754,Elissa Knight
60074,Jeff Garlin
20753,Fred Willard
11074,Kathy Najimy
117081,Teresa Ganzel
35159,Laraine Newman
72755,Macintalk
59357,Teddy Newton
3036,John Cusack
2956,Amanda Peet
5294,Chiwetel Ejiofor
9030,Thandie Newton
17485,Oliver Platt
17867,Tom Mccarthy
57755,Woody Harrelson
2047,Danny Glover
83852,Liam James
74227,Morgan Lily
38673,Channing Tatum
48,Sean Bean
37632,Eddie Redmayne
230680,Douglas Booth
89822,Tuppence Middleton
1216606,Gugu Mbatha-Raw
109319,Nikki Amuka-Bird
47625,Christina Cole
1360221,Nicholas A. Newman
234352,Margot Robbie
1026019,Casper Crump
1029045,Yule Masiteng
21343,Ben Chaplin
1795843,Sidney Ralitsoele
5528,William Moseley
5529,Anna Popplewell
5527,Skandar Keynes
5526,Georgie Henley
3063,Tilda Swinton
5531,Kiran Shah
2467,James Cosmo
25072,Oscar Isaac
9827,Rose Byrne
55089,Evan Peters
1056053,Josh Helman
1001657,Sophie Turner
1034681,Tye Sheridan
1810,Heath Ledger
6383,Aaron Eckhart
1579,Maggie Gyllenhaal
53651,Monique Gabriela Curnen
57597,Ron Dean
68812,Ed Asner
290,Christopher Plummer
80676,Jordan Nagai
10,Bob Peterson
18792,Delroy Lindo
7960,Jerome Ranft
84490,David Kaye
84491,Elie Docter
84492,Jeremy Leary
18288,Terrence Howard
17857,Shaun Toub
57452,Faran Tahir
57451,Leslie Bibb
163671,Will Lyman
6730,Sacha Baron Cohen
77996,Asa Butterfield
56734,Chloë Grace Moretz
113,Christopher Lee
15737,Helen Mccrory
47468,Frances De La Tour
92404,Joel Kinnaman
19492,Viola Davis
7499,Jared Leto
224181,Jai Courtney
19487,Jay Hernandez
31164,Adewale Akinnuoye-Agbaje
1289968,Cara Delevingne
1461608,Karen Fukuhara
500,Tom Cruise
5081,Emily Blunt
2039,Brendan Gleeson
119224,Jonas Armstrong
147255,Tony Way
93111,Kick Gurry
1363086,Franz Drameh
125740,Dragomir Mrsic
115679,Charlotte Riley
6065,Dennis Quaid
9562,Marlon Wayans
23459,Sienna Miller
5419,Saïd Taghmaoui
2040,Christopher Eccleston
25002,Lee Byung-Hun
50347,Rachel Nichols
56322,Amy Poehler
169200,Phyllis Smith
21125,Richard Kind
59258,Lewis Black
125167,Mindy Kaling
1371894,Kaitlyn Dias
6677,Kyle Maclachlan
196502,Paula Poundstone
1414734,Neel Sethi
1532,Bill Murray
4690,Christopher Walken
1267329,Lupita Nyong'O
4808,Giancarlo Esposito
52865,Garry Shandling
2295,Mickey Rourke
6807,Sam Rockwell
21134,John Slattery
37917,Kristen Stewart
6885,Charlize Theron
11109,Nick Frost
13014,Toby Jones
382,Bob Hoskins
11701,Angelina Jolie
18050,Elle Fanning
82191,Sharlto Copley
32987,Sam Riley
11356,Imelda Staunton
72305,Lesley Manville
1017347,Brenton Thwaites
1355733,Isobelle Molloy
8436,Miranda Richardson
41292,Keri Russell
113505,Kodi Smit-Mcphee
55861,Kirk Acevedo
236696,Terry Notary
58395,Karin Konoval
4135,Robert Redford
81685,Frank Grillo
1018947,Maximiliano Hernández
84247,Emily Vancamp
12073,Mike Myers
776,Eddie Murphy
6941,Cameron Diaz
3131,Antonio Banderas
5823,Julie Andrews
65717,Jon Hamm
8930,John Cleese
64342,Craig Robinson
118489,Walt Dohrn
43775,Jane Lynch
52018,Britt Robertson
1461,George Clooney
1055230,Raffey Cassidy
965224,Thomas Robinson
41419,Hugh Laurie
17696,Kathryn Hahn
298410,Keegan-Michael Key
74428,Tim Mcgraw
4445,Chris Bauer
992427,Pierce Gagnon
66580,Scott Adsit
515510,Ryan Potter
82093,Daniel Henney
78324,Jamie Chung
87822,Damon Wayans Jr.
589162,Génesis Rodríguez
21088,Alan Tudyk
52792,Maya Rudolph
4764,John C. Reilly
7404,Sarah Silverman
58737,Jack Mcbrayer
21131,Joe Lo Truglio
18977,Ed O'Neill
352,Dennis Haysbert
76245,Adam Carolla
96066,Liam Hemsworth
4785,Jeff Goldblum
8984,Bill Pullman
1094091,Maika Monroe
6068,Sela Ward
2535,Vivica A. Fox
4273,Charlotte Gainsbourg
1213786,Brent Spiner
6167,Judd Hirsch
449,Jay Baruchel
17276,Gerard Butler
59174,America Ferrera
21007,Jonah Hill
54691,Christopher Mintz-Plasse
41091,Kristen Wiig
130081,Robin Atkin Downes
138619,Philip Mcgrade
1100,Arnold Schwarzenegger
6408,Nick Stahl
6194,Claire Danes
7218,Kristanna Loken
7220,Mark Famiglietti
2716,Earl Boen
7221,Moira Harris
7222,Chopper Bernet
7223,Christopher Lawford
51329,Bradley Cooper
72095,Lee Pace
12132,Michael Rooker
543261,Karen Gillan
10297,Matthew Mcconaughey
83002,Jessica Chastain
1893,Casey Affleck
851784,Mackenzie Foy
1190668,Timothée Chalamet
58549,Bill Irwin
1892,Matt Damon
9560,Ellen Burstyn
3899,Ken Watanabe
95697,Dileep Rao
13022,Tom Berenger
80112,Sylvester Mccoy
65,Ian Holm
109,Elijah Wood
10883,Rick Yune
9186,Chad Lindberg
12796,Johnny Strong
15854,Ted Levine
31841,Matt Schulze
8175,Thom Barry
15887,Julia Ormond
219666,Madisen Beaty
973,Jason Flemyng
13550,Elias Koteas
40036,Taraji P. Henson
40039,Josh Stewart
4724,Kevin Bacon
31717,January Jones
429,Lucas Till
572541,Caleb Landry Jones
27972,Josh Hutcherson
9281,Elizabeth Banks
1231,Julianne Moore
1233,Philip Seymour Hoffman
55636,Donald Sutherland
4757,Rupert Everett
10713,Eric Idle
12110,Amy Sedaris
12111,Justin Timberlake
52851,Paula Patton
77700,Travis Fimmel
11107,Ben Foster
55470,Dominic Cooper
224167,Ben Schnetzer
64436,Daniel Wu
6574,Clancy Brown
17018,Ruth Negga
1223786,Emilia Clarke
1030512,Dayo Okeniyi
136532,Matt Smith
24047,Courtney B. Vance
55596,Michael Gladis
19538,Rachael Taylor
10127,Jon Voight
18471,Anthony Anderson
19540,Peter Cullen
19541,Mark Ryan
23532,Jason Bateman
66658,Jae Head
66634,David Mattey
539,Thomas Lennon
16478,Johnny Galecki
66623,Hayley Marie Norman
61835,Trieu Tran
8602,Alice Braga
49918,Charlie Tahan
53918,Salli Richardson-Whitfield
49920,Willow Smith
49921,Darrell Foster
49922,Joanna Numata
6066,Dash Mihok
964035,Samuel Glen
1281,Freddie Highmore
1282,David Kelly
1285,Annasophia Robb
1286,Julia Winter
1290,Jordan Fry
1291,Philip Wiegratz
1284,Noah Taylor
1294,Missi Pyle
10872,Patton Oswalt
7962,Lou Romano
6197,Brian Dennehy
11390,Peter O'Toole
21197,Janeane Garofalo
21200,Will Arnett
32536,Julius Callahan
3897,Katie Holmes
585,Rutger Hauer
7399,Ben Stiller
5587,Hank Azaria
2157,Robin Williams
13524,Christopher Guest
4581,Steve Coogan
17835,Ricky Gervais
19498,Jon Bernthal
23626,Liev Schreiber
6413,Danny Huston
82092,Will.I.Am
79072,Kevin Durand
1330,Dominic Monaghan
6384,Keanu Reeves
530,Carrie-Anne Moss
9572,Mary Alice
9443,Helmut Bakaitis
2192,Lambert Wilson
9457,Roy Jones Jr.
9462,Randall Duk Kim
9464,Harry Lennix
40462,Kristen Bell
19394,Idina Menzel
221611,Jonathan Groff
54415,Josh Gad
1188241,Santino Fontana
70238,Chris Williams
16842,Stephen J. Anderson
1297610,Maia Wilson
75121,Steve Bastoni
1091387,Don Battee
9452,Daniel Bernhardt
1218802,Valerie Berry
524,Natalie Portman
4173,Anthony Hopkins
59817,Jaimie Alexander
56614,Ray Stevenson
26060,Hugh Keays-Byrne
24898,Nathan Jones
37153,Zoë Kravitz
98522,Riley Keough
1036288,Abbey Lee
8786,Ayelet Zurer
17839,Pierfrancesco Favino
12647,Armin Mueller-Stahl
20258,Thure Lindhardt
74487,David Pasquesi
74488,Cosimo Fusco
74494,Victor Alfieri
52852,Kat Dennings
1160,Michelle Pfeiffer
17183,Jackie Earle Haley
9012,Jonny Lee Miller
10912,Eva Green
234982,Bella Heathcote
234983,Gulliver Mcgrath
1803326,Ray Shirley
933238,Rebecca Ferguson
10182,Ving Rhames
16702,Sean Harris
16358,Simon Mcburney
41894,Zhang Jingchu
92429,Jens Hultén
4483,Dustin Hoffman
18897,Jackie Chan
140,Lucy Liu
19274,Seth Rogen
212,David Cross
1620,Michelle Yeoh
20904,James Hong
8289,Billy Crudup
1244,Jonathan Rhys Meyers
11705,Michelle Monaghan
21045,Maggie Q
84497,Aaron Paul
28633,Richard Jenkins
4512,James Woods
73609,Nicolas Wright
22125,Jimmi Simpson
4776,Michael Murphy
58168,Rachelle Lefevre
8783,Eric Bana
1248,Brian Cox
9824,Diane Kruger
9825,Saffron Burrows
55536,Melissa Mccarthy
1240487,Kate Mckinnon
168452,Leslie Jones
1267216,Neil Casey
4391,Charles Dance
39390,Michael Kenneth Williams
1093919,Cecily Strong
1271,Andy García
62,Bruce Willis
879,Billy Bob Thornton
882,Liv Tyler
883,Will Patton
61981,Michael Clarke Duncan
53,Peter Stormare
9626,Rip Torn
6684,Lara Flynn Boyle
9656,Johnny Knoxville
5916,Rosario Dawson
4252,Tony Shalhoub
9657,Patrick Warburton
1240,Jack Kehler
72118,Anil Kapoor
142636,Josh Holloway
508582,Miraj Grbic
6079,Ivan Shvedoff
92428,Samuli Edelmann
7447,Alec Baldwin
9642,Jude Law
234479,Dakota Goyo
87056,Khamani Griffin
1271684,Kamil Mcfadden
1364655,Georgie Grieve
1364656,Emily Nordwind
7676,William Atherton
3417,Tony Goldwyn
9189,Shichinosuke Nakamura
9190,Koyuki
9191,Timothy Spall
9192,Togo Igawa
77335,Ben Mendelsohn
77122,María Valverde
765,Hiam Abbass
1264233,Isaac Andrews
19153,Cliff Robertson
20580,Joe Manganiello
5502,Bill Nunn
20582,Michael Papajohn
239019,Kit Harington
50463,Malin Åkerman
17832,Carla Gugino
47296,Jeffrey Dean Morgan
17178,Patrick Wilson
1247,Matthew Goode
40009,Matt Frewer
230,Stephen Mchattie
79343,Laura Mennell
51976,D.J. Cotrona
88995,Adrianne Palicki
11007,Ray Park
78147,Elodie Yung
972356,Luke Bracey
39459,Hayley Atwell
58502,Natalie Dormer
11288,Robert Pattinson
84214,Taylor Lautner
56857,Peter Facinelli
53755,Elizabeth Reaser
45827,Ashley Greene
84215,Jackson Rathbone
34502,Kellan Lutz
59252,Nikki Reed
21029,Billy Burke
819,Edward Norton
3129,Tim Roth
227,William Hurt
1462,Tim Blake Nelson
15232,Ty Burrell
68277,Christina Cabot
68278,Peter Mensah
19137,Lou Ferrigno
1215283,Paul Soles
93491,Will Poulter
93210,Domhnall Gleeson
220448,Paul Anderson
1126405,Brad Carter
7742,Kristoffer Joner
526,Lukas Haas
32205,Brendan Fletcher
1099848,Joshua Burge
17140,Abigail Breslin
26054,Claudia Black
18082,Timothy Olyphant
17401,Stephen Root
12041,Julia Stiles
11064,David Strathairn
349,Scott Glenn
14887,Paddy Considine
25616,Edgar Ramírez
11148,Joan Allen
27030,Tom Gallop
17199,Corey Johnson
58873,Dan Fogler
22226,Paul Rudd
3392,Michael Douglas
19034,Evangeline Lilly
74541,Corey Stoll
21127,Bobby Cannavale
454,Michael Peña
76126,T.I.
65829,Wood Harris
77069,Lenny Kravitz
501,Dakota Fanning
502,Miranda Otto
503,Justin Chatwin
505,Camillia Sanes
506,John Scurti
33500,Takayo Fischer
75604,Yul Vazquez
7107,Daniel Olbrychski
6091,August Diehl
1116905,Daniel Pearce
44826,Hunt Block
6861,Andre Braugher
53573,Olek Krupa
118377,Cassidy Hinkle
6161,Jennifer Connelly
33235,Logan Lerman
1274232,Ariane Rinehart
2130,Cary Elwes
2220,Tony Curran
1670,Daniel Mays
11207,David Thewlis
120724,Jaden Smith
2598,Sophie Okonedo
12797,Glenn Morshower
62879,Chris Geere
142193,Diego Klattenhoff
62562,David Denman
94798,Lincoln Lewis
1272929,Jaden Martin
17838,Rami Malek
221581,Rebel Wilson
61303,Dick Van Dyke
46074,Rachael Harris
1937,Mickey Rooney
23659,Will Ferrell
56323,Tina Fey
15009,Justin Theroux
936672,Jessica Schulte
18864,Tom Mcgrath
194,Richard Harris
10983,Richard Griffiths
10985,Ian Hart
530025,Willow Shields
2405,Audrey Tautou
1003,Jean Reno
920,Jürgen Prochnow
34259,Jean-Yves Berteloot
20795,Jean-Pierre Marielle
38885,Marie-Françoise Audollent
11006,James Marsden
11008,Rebecca Romijn
10697,Alan Cumming
52374,Bruce Davison
61697,Sung Kang
96321,Tego Calderón
90634,Don Omar
15440,Jared Harris
87722,Noomi Rapace
17521,Kelly Reilly
11275,Stephen Fry
84865,William Houston
54807,Affif Ben Badra
28109,Alexa Davalos
114018,Tine Stapelfeldt
1019,Mads Mikkelsen
114019,Luke Evans
59592,Izabella Miko
825,Stacy Keach
4730,Emmy Rossum
6067,Jay O. Sanders
6069,Austin Nichols
6070,Arjay Smith
3134,Tamlyn Tomita
6071,Sasha Roiz
15336,Dougray Scott
12206,Richard Roxburgh
15337,John Polson
1118,Rade Serbedzija
15338,William Mapother
10862,Dominic Purcell
65524,Ioan Gruffudd
56731,Jessica Alba
19654,Michael Chiklis
20402,Julian Mcmahon
11703,Kerry Washington
17005,Doug Jones
933160,Suraj Sharma
935504,Ayush Tandon
1133846,Gautam Belur
227849,Adil Hussain
55062,Tabu
1377778,Ayaan Khan
1133848,Mohd Abbas Khaleeli
1133849,Vibish Sivakumar
28847,Rafe Spall
227454,Alicia Vikander
1925,Vincent Cassel
53240,Riz Ahmed
5377,Ato Essandoh
1475960,Scott Shepherd
121718,Bill Camp
19895,Vinzenz Kiefer
130253,Logan Marshall-Green
564941,Lucy Hutchinson
71083,Kate Dickie
1038,Jodie Foster
8688,Diego Luna
52583,Wagner Moura
20191,Jose Pablo Cantillo
206928,Maxwell Perry Cotton
37260,Abbie Cornish
49971,Jennifer Ehle
17352,Marianne Jean-Baptiste
127558,Andrea Riseborough
12795,Nikolaj Coster-Waldau
6832,Melissa Leo
20494,Zoë Bell
1171690,Abigail Lowe
1171689,Isabelle Lowe
1198939,David Madison
17244,Hayden Christensen
27762,Ian Mcdiarmid
6,Anthony Daniels
130,Kenny Baker
7908,Frank Oz
33181,Jimmy Smits
33197,Ahmed Best
7905,Mary Gibbs
5563,James Coburn
7906,Jennifer Tilly
7909,Steve Susskind
9195,Hiroyuki Sanada
10884,Will Yun Lee
1156024,Tao Okamoto
1179243,Rila Fukushima
94064,Svetlana Khodchenkova
74540,Haruhiko Yamanouchi
116278,Brian Tee
33196,Jake Lloyd
33190,Pernilla August
31923,Oliver Ford Davies
2963,Nicolas Cage
2229,Catherine Keener
9599,Cloris Leachman
54729,Clark Duke
66193,Chris Sanders
42267,Randy Thom
64295,Alan Ritchson
80352,Noel Fisher
1163622,Pete Ploszek
15034,Jeremy Howard
13645,Danny Woodburn
18277,Sandra Bullock
228,Ed Harris
1223440,Orto Ignatiussen
58587,Phaldut Sharma
1223442,Amy Warren
1027852,Basher Savage
996701,Miles Teller
51072,Kate Mara
135651,Michael B. Jordan
38951,Reg E. Cathey
1529004,Joshua Montes
198,Dan Castellaneta
1529010,Owen Judge
17834,Jake Cherry
17836,Kim Raver
17837,Patrick Gallagher
109513,Alexandra Daddario
128645,Archie Panjabi
1190654,Hugo Johnstone-Burt
1050248,Art Parkinson
211800,Colton Haynes
12207,Kylie Minogue
1922,Catherine Zeta-Jones
1204,Julia Roberts
1894,Scott Caan
1900,Shaobo Qin
1897,Bernie Mac
4937,Vince Vaughn
11702,Adam Brody
65827,Keith David
3288,Chris Weitz
11704,Rachael Huntley
59156,Stephanie March
94185,Shailene Woodley
587020,Theo James
1159982,Ansel Elgort
38664,Sullivan Stapleton
17286,Lena Headey
208296,Callan Mulvey
1371,David Wenham
17289,Rodrigo Santoro
85065,Jack O'Connell
17290,Andrew Tiernan
766,Ashraf Barhom
17291,Andrew Pleavin
8447,Jeff Daniels
6944,Octavia Spencer
1251875,Keiynan Lonsdale
18307,Daniel Dae Kim
15250,Hope Davis
8986,James Rebhorn
19860,Karl Yune
111206,Olga Fonda
53176,John Gatins
130640,Hailee Steinfeld
204191,Aramis Knight
1266195,Suraj Partha
57412,Moisés Arias
994016,Khylin Rhambo
15033,Justin Long
7248,Cliff Curtis
17628,Mary Elizabeth Winstead
19303,Kevin Smith
21049,Yancey Arias
1215689,Christina Chang
21051,Yorgo Constantine
110,Viggo Mortensen
655,John Rhys-Davies
18354,Bridget Moynahan
8687,Chi Mcbride
21091,Jerry Wasserman
172994,Peter Shinkoda
11677,Terry Chen
76547,Aksel Hennie
73421,Joaquin Phoenix
935,Connie Nielsen
936,Oliver Reed
937,Derek Jacobi
939,David Schofield
940,John Shrapnel
941,Tomas Arana
72466,Colin Farrell
2201,Max Von Sydow
2207,Lois Smith
2202,Steve Harris
2208,Kathryn Morris
24173,Mike Binder
11181,Kenneth Branagh
11180,David Bradley
10916,Caterina Murino
10917,Simon Abkarian
4812,Isaach De Bankolé
2713,Linda Hamilton
418,Robert Patrick
820,Edward Furlong
75027,Michael Edwards
3977,Joe Morton
3981,Jenette Goldstein
3982,Xander Berkeley
3978,S. Epatha Merkerson
27740,Walton Goggins
27770,Dennis Christopher
1736,James Remar
1067187,David Steen
1133063,Dana Gourrier
16483,Sylvester Stallone
976,Jason Statham
16644,Dolph Lundgren
15111,Jean-Claude Van Damme
51576,Chuck Norris
78110,Scott Adkins
1336,Jet Li
21180,Justin Bartha
1037,Harvey Keitel
21182,David Dayan Fisher
60461,Stewart Finlay-Mclennan
77351,Oleg Taktarov
16742,Kagiso Kuypers
16743,Arnold Vosloo
16744,Antony Coleman
16746,Benu Mabhena
16749,Anointing Lukola
16752,David Harewood
16754,Basil Wallace
3497,Kyle Chandler
3026,Rob Reiner
41561,Kenneth Choi
1211946,P. J. Byrne
1332746,Brian Sacca
38941,Jim Sturgess
21688,Bae Doona
19655,James D'Arcy
71057,Zhou Xun
18269,Brendan Fraser
10727,John Hannah
18041,Oded Fehr
18919,Freddie Boath
18920,Patricia Velásquez
2629,Alun Armstrong
11856,Daniel Day-Lewis
20243,Roger Ashton-Griffiths
15196,David Hemmings
37947,Lawrence Gilliard Jr.
63,Milla Jovovich
66,Chris Tucker
8395,Luke Perry
591,Brion James
8396,Tom Lister Jr.
7400,Lee Evans
5723,John Leguizamo
15757,Ray Romano
5713,Chris Wedge
57599,Seann William Scott
16866,Jennifer Lopez
15758,Queen Latifah
1016168,Lily James
512991,Richard Madden
302165,Holliday Grainger
43547,Nonso Anozie
7025,Richard Mccabe
13,Albert Brooks
14,Ellen Degeneres
12,Alexander Gould
19,Allison Janney
6168,Austin Pendleton
14723,Vicki Lewis
7911,Joe Ranft
1328,Sean Astin
1329,Billy Boyd
20508,Iain Glen
20510,Richard Johnson
20511,Chris Barrie
7031,Julian Rhind-Tutt
10655,Leslie Phillips
20509,Robert Phillips
6614,Cole Hauser
5365,Clifton Collins Jr
118643,Falk Hentschel
1144931,Kristen Rakes
4783,Sam Neill
3905,William H. Macy
4939,Téa Leoni
4940,Trevor Morgan
4941,Alessandro Nivola
2169,Michael Jeter
4942,John Diehl
4943,Bruce A. Young
4784,Laura Dern
4944,Taylor Nichols
76792,Freida Pinto
12074,John Lithgow
35013,David Oyelowo
51383,Tyler Labine
111195,Jamie Harris
42711,Ty Olsson
8197,Sebastian Koch
80998,Юлия Снигирь
230400,Radivoje Bukvić
17341,Amaury Nolasco
1150430,Sergey Kolesnikov
130903,Roman Luknár
8977,Craig T. Nelson
11662,Jason Lee
7891,Dominique Louis
59358,Eli Fucile
59359,Maeve Andrews
59360,Spencer Fox
59361,Sarah Vowell
53336,Brandon T. Jackson
105727,Jake Abel
517,Pierce Brosnan
25972,Melina Kanakaredes
9625,Linda Fiorentino
9628,Mike Nussbaum
9629,Jon Gries
9630,Sergio Calderón
9631,Carel Struycken
12899,Jim Varney
8873,Annie Potts
4201,Wayne Knight
1063128,Ethan Juan
87055,Karen Disher
4090,Shirley Maclaine
36801,Adam Scott
2228,Sean Penn
28419,Terence Bernie Hines
185705,Gurdeep Singh
961834,Alex Anfanger
514,Jack Nicholson
21657,Vera Farmiga
18472,Kevin Corrigan
21702,Ming-Na Wen
15838,Lea Salonga
15098,June Foray
10345,Soon-Tek Oh
51754,Freda Foh Shen
140567,Donny Osmond
108916,Rooney Mara
5725,Goran Visnjic
32,Robin Wright
782,Steven Berkoff
20810,Joely Richardson
6804,Graham Greene
13023,Colleen Camp
17351,Larry Bryggman
141747,Anthony Peck
91421,Nicholas Wyman
45337,Sam Phillips
34395,Kevin Chamberlin
53714,Rachel Mcadams
37168,Hans Matheson
19292,Adam Sandler
32895,Kevin James
78030,Ashley Benson
13636,Jane Krakowski
570775,Matthew Lintz
9640,Haley Joel Osment
1518,Frances O'Connor
8213,Sam Robards
9641,Jake Thomas
5064,Meryl Streep
2632,Chris Rock
54697,Dave Franco
51988,Lizzy Caplan
17380,Jay Chou
513677,Henry Lloyd-Hughes
41087,Leslie Mann
27102,Wanda Sykes
41798,George Lopez
9994,Helen Hunt
38026,Chris Noth
11892,Paul Sanchez
55433,Lari White
55434,Leonid Citer
55435,David Allen Brooks
55436,Semion Sudarikov
55437,Peter Von Berg
55438,Dmitri S. Boudrine
679,Franka Potente
32458,Gabriel Mann
60118,John Bedford Lloyd
1895,Carl Reiner
827,Elliott Gould
60950,David Spade
77948,Selena Gomez
62861,Andy Samberg
53122,Fran Drescher
28640,Molly Shannon
458843,Cee Lo Green
16165,Jon Lovitz
1158,Al Pacino
15852,Ashley Judd
39995,Michael Cera
18793,Kieran Culkin
84223,Anna Kendrick
17486,Alison Pill
17271,Brandon Routh
17881,Jason Schwartzman
88902,Ellen Wong
88903,Satya Bhabha
52442,Olivia Thirlby
82193,Jason Cope
195575,Rakie Ayola
58758,Deobia Oparei
37093,Langley Kirkwood
107550,Warrick Grier
3967,Kate Beckinsale
28238,David Hasselhoff
31903,Henry Winkler
199,Julie Kavner
202062,Joseph Castanon
134235,Jake Hoffman
11085,Anthony Edwards
2838,Chloë Sevigny
3911,John Carroll Lynch
20210,Ed Setrakian
20211,John Getz
206,Jim Carrey
4491,Jennifer Aniston
4492,Philip Baker Hall
4493,Catherine Bell
4494,Lisa Ann Walter
4495,Steve Carell
4496,Nora Dunn
4498,Paul Satterfield
1898,Eddie Jemison
21315,Eric Roberts
74748,Randy Couture
77120,Steve Austin
22821,David Zayas
99414,Giselle Itié
53256,Terry Crews
4885,Emmanuelle Béart
15319,Henry Czerny
5470,Kristin Scott Thomas
13333,Vanessa Redgrave
3211,Dale Dye
15320,Marcel Iureș
8210,Wes Bentley
27105,Ed Helms
58225,Zach Galifianakis
80757,Mike Tyson
543138,Mason Lee
1276,Patricia Clarkson
5292,Denzel Washington
3130,Jennifer Beals
2887,Tom Waits
123812,Lateef Crowder
76543,Chris Browning
83968,Jim Parrack
15376,Brad William Henke
1345133,Kevin Vance
109438,Xavier Samuel
11355,Jason Isaacs
6163,Adam Goldberg
6164,Josh Lucas
6165,Anthony Rapp
6166,Jason Gray-Stanford
53283,Jonathan Taylor Thomas
4756,Matthew Broderick
15152,James Earl Jones
20005,Moira Kelly
56043,Niketa Calame
69415,Ernie Sabella
78729,Nathan Lane
8294,Robert Guillaume
10730,Rowan Atkinson
8170,Eva Mendes
6278,Devon Aoki
8177,Michael Ealy
52849,Louis C.K.
156962,Eric Stonestreet
55638,Kevin Hart
213001,Jenny Slate
25703,Lake Bell
452205,Bobby Moynihan
475512,Ellie Kemper
500427,Hannibal Buress
56159,Dana Carvey
4589,Benjamin Bratt
17743,Miranda Cosgrove
59919,Russell Brand
998571,Elsie Kate Fisher
124750,Dana Gaier
1581,Mary Mcdonnell
1162,Robert Loggia
1811,Randy Quaid
8985,Margaret Colin
4935,Pete Postlethwaite
4786,Richard Attenborough
3229,Arliss Howard
4938,Vanessa Lee Chester
4787,Joseph Mazzello
4788,Ariana Richards
488,Steven Spielberg
14409,David Schwimmer
9575,Jada Pinkett Smith
224870,Paco León
5726,Cedric The Entertainer
28637,Andy Richter
12097,Christopher Knights
2296,Clive Owen
64986,Clare-Hope Ashitey
3064,Peter Mullan
58575,Juan Gabriel Yacuzzi
58576,Mishal Husain
9832,Tyler Mane
28641,Terence Stamp
70903,Marc Warren
73454,Kristen Hager
2482,David O'Hara
23440,Konstantin Khabenskiy
15760,Josh Peck
14991,Jay Leno
5717,Peter Ackerman
69597,Drew Barrymore
60949,Rob Schneider
19293,Lusia Strus
707,Dan Aykroyd
21485,Blake Clark
59401,Amy Hill
20818,Allen Covert
19119,Mélanie Laurent
50217,Michael Kelly
8689,Barry Shabaka Henley
8690,Kumar Pallana
8692,Eddie Jones
8693,Jude Ciccolella
90325,Luca Calvani
41965,Sylvester Groth
3291,Hugh Grant
7803,Christian Berkel
1255887,Misha Kuznetsov
4012,Spencer Treat Clark
43464,John Patrick Amedori
17194,Chance Kelly
53302,Elizabeth Lawrence
11614,M. Night Shyamalan
33689,Charlayne Woodard
19299,Eamonn Walker
12094,Jennifer Saunders
124747,Pierre Coffin
59450,Katy Mixon
2461,Mel Gibson
2462,Catherine Mccormack
1957,Sophie Marceau
2463,Patrick Mcgoohan
2464,Angus Macfadyen
2465,James Robinson
2468,Sean Mcginley
2469,Gerda Stevenson
200,Nancy Cartwright
5586,Yeardley Smith
6008,Harry Shearer
23211,Maile Flanagan
6009,Pamela Hayden
6036,Marcia Wallace
12095,Cody Cameron
12080,Conrad Vernon
3636,Paul Newman
11159,Cheech Marin
15902,Michael Wallis
15903,George Carlin
15900,Paul Dooley
15899,Jenifer Lewis
16847,Eli Roth
3872,Daniel Brühl
1844,Til Schweiger
32823,Gedeon Burkhard
51636,Jacky Ido
7673,Bonnie Bedelia
7672,Reginald Veljohnson
22383,Franco Nero
6573,William Sadler
22384,John Amos
11901,Dennis Franz
56183,Art Evans
17874,Fred Dalton Thompson
9780,Angela Bassett
8329,Radha Mitchell
32597,Dylan Mcdermott
965819,Finley Jacobsen
62645,Tory Kittles
120251,Shanna Forrestall
4431,Jessica Lange
8291,Alison Lohman
8295,Matthew Mcgrory
190895,Sarah Gadon
1330044,Diarmaid Murtagh
2050,Noah Huntley
20523,Ronan Vibert
62307,Zach Mcgowan
9029,Stephen Rea
221116,India Eisley
65345,Sandrine Holt
115177,Sanny Van Heteren
208069,Jacob Blair
211958,Robert Lawrenson
41088,Jason Segel
122851,Elsie Fisher
52139,Seth Macfarlane
71070,Amanda Seyfried
207150,Jessica Barth
33321,Sam J. Jones
2391,Michael Dorn
17200,Bill Smitrovich
3197,Tom Sizemore
4654,Jeremy Davies
1117,Dennis Farina
12838,Joerg Stadler
3907,Harve Presnell
5727,Diedrich Bader
60019,Lorri Bagley
9364,Gloria Foster
532,Joe Pantoliano
9372,Marcus Chong
9380,Paul Goddard
39545,Robert Taylor
7244,Julian Arahanga
143425,Aaron Tveit
145116,Samantha Barks
1133684,Daniel Huttlestone
29512,Gerald Mcraney
94432,Adrian Martinez
1218149,Brennan Brown
1440537,Dotan Bonen
76021,Griff Furst
7470,Meat Loaf
7471,Zach Grenier
7497,Holt Mccallany
7498,Eion Bailey
7472,Richmond Arquette
4789,Bob Peck
4790,Martin Ferrero
6856,Kurt Russell
10431,Jennifer Jason Leigh
76961,Demián Bichir
147,Michael Madsen
6905,Bruce Dern
87312,James Parks
9831,Vincent Regan
17292,Tom Wisdom
52,David Morse
6806,Doug Hutchison
10882,Rosamund Pike
1308445,Carrie Coon
41686,Neil Patrick Harris
80602,Tyler Perry
21165,Kim Dickens
11663,Patrick Fugit
1186505,Emily Ratajkowski
83872,Casey Wilson
2955,Chris Cooper
52419,Josh Hamilton
350,Laura Linney
11315,Noah Emmerich
11317,Natascha Mcelhone
11318,Holland Taylor
6579,Brian Delate
116898,Blair Slater
11321,Heidi Schanz
116899,Ron Taylor
13922,Seth Green
4239,Yasiin Bey
2682,Franky G
237370,Boris Lee Krutonog
527393,Dylan O'Brien
115150,Kaya Scodelario
25663,Thomas Brodie-Sangster
49735,Aidan Gillen
3127,Lili Taylor
1310760,Ki Hong Lee
1036196,Dexter Darden
18248,Mary-Louise Parker
3037,Richard Dreyfuss
7502,Ernest Borgnine
6818,Werner Herzog
1132335,Vladimir Sizov
82631,Joseph Sikora
53259,Michael Raymond-James
203630,Alexia Fast
11826,Selma Blair
17283,Rupert Evans
10841,Karel Roden
12359,Brian Steele
66268,Ladislav Beran
66269,Biddy Hodson
17039,Nick Offerman
88029,Alison Brie
54882,Morena Baccarin
1047649,Ed Skrein
78452,Gina Carano
122750,Leslie Uggams
1492326,Brianna Hildebrand
1109702,Karan Soni
15032,Jed Rees
80507,Stefan Kapičić
59219,Kyle Gallner
1530518,Cole Konis
163139,Ben Reed
169334,Elise Robertson
1530524,Luke Sunshine
549063,Troy Vincent
1259732,Brandon Salgado Telis
33,Gary Sinise
34,Mykelti Williamson
37821,Michael Conner Humphreys
204997,Hanna Hall
6751,Siobhan Fallon
37825,Afemo Omilami
15824,Chris Mulkey
37204,David Warshofsky
37154,John Magaro
1261694,Barkhad Abdi
58754,Haley Bennett
1224149,David Meunier
1399659,Johnny Skourtis
20563,Alex Veadov
1990,Brian Howe
14852,James Karen
29685,Kurt Fuller
54696,Joe Nunez
19981,David Fine
139,Uma Thurman
589,Daryl Hannah
141,David Carradine
2539,Julie Dreyfus
2538,Chiaki Kuriyama
2537,Sonny Chiba
240171,Gordon Liu Chia-Hui
2536,Michael Parks
6585,Perla Haney-Jardine
34721,Larry Bishop
70304,Sarah Jane Morris
235547,Connor Cruise
1102,Elpidia Carrillo
55258,Robinne Lee
136761,Nathalie Baye
9274,James Brolin
9275,Frank John Hughes
9276,Steve Eastin
12075,Peter Dennis
12076,Clive Pearse
12077,Jim Cummings
12078,Bobby Block
12098,Chris Miller
74949,Joel Mchale
59841,Matt Walsh
1204318,Aedin Mincks
518627,Joel Courtney
518628,Riley Griffiths
456066,Ryan Lee
12260,Ron Eldard
222122,Gabriel Basso
113926,Aj Michalka
9778,Ice Cube
71403,Rob Riggle
986808,Wyatt Russell
87295,Richard Grieco
1187106,Amber Stevens
30614,Ryan Gosling
3141,Marisa Tomei
124644,Analeigh Tipton
51297,Jonah Bobo
79024,Beth Littleford
70904,Michelle Dockery
77277,Nate Parker
142294,Jason Butler Harner
3900,Linus Roache
74242,Shea Whigham
11277,Natasha Wightman
11278,Rupert Graves
11279,Roger Allam
11280,Ben Miles
93564,Pihla Viitala
51300,Derek Mears
1142720,Thomas Mann
87879,Ingrid Bolsø Berdal
908548,Joanna Kulig
738,Sean Connery
656,Denholm Elliott
739,Alison Doody
740,Julian Glover
741,River Phoenix
742,Michael Byrne
743,Kevork Malikyan
744,Robert Eddison
76788,Dev Patel
985041,Ninja
985040,Yolandi Visser
1029029,Brandon Auret
1467496,Johnny Selema
1217309,Anderson Cooper
2178,Forest Whitaker
11825,Maggie Grace
55585,Sam Spruell
1280,Don Harvey
52476,Dylan Bruno
2221,Leland Orser
56680,Luke Grimes
61962,D. B. Sweeney
238393,Alain Figlarz
17142,Paul Dano
49,Maria Bello
112476,Dylan Minnette
1208406,Zoë Borde
1470,Wayne Duvall
10814,Wesley Snipes
10822,Stephen Dorff
10823,Kris Kristofferson
10824,N'Bushe Wright
10825,Donal Logue
1646,Udo Kier
66147,Arly Jover
10826,Traci Lords
10827,Kevin Patrick Walls
40275,Tim Guinee
7059,Heike Makatsch
7053,Gregor Fisher
5472,Colin Firth
7055,Sienna Guillory
1979,Kevin Spacey
15886,Julia Louis-Dreyfus
17265,Hayden Panettiere
89784,Phyllis Diller
123037,Jonathan Harris
29803,Madeline Kahn
1903,Alan Arkin
15455,Tate Donovan
20387,Clea Duvall
51792,Rory Cochrane
61510,Christopher Denham
60073,Brie Larson
168581,Holly Robinson Peete
79082,Randall Park
583051,Diana Bang
1181329,Timothy Simons
141774,Reese Alexander
1400266,James Yi
1406556,Paul Bae
119810,Geoff Gustafson
3051,Toni Collette
11616,Olivia Williams
2680,Donnie Wahlberg
10694,Glenn Fitzgerald
11617,Mischa Barton
11621,Bruce Norris
1106256,Angelica Page
54738,Jack Huston
521,Michael J. Fox
1062,Christopher Lloyd
1063,Lea Thompson
1951,Elisabeth Shue
1072,James Tolkan
1952,Jeffrey Weissman
1953,Casey Siemaszko
1955,Darlene Vogel
64880,Choi Min-Sik
2960,Amr Waked
90060,Pilou Asbæk
1367830,Nicolas Phongpheth
1367831,Jan Oliver Schroeder
109335,Luca Angeletti
118545,Dakota Johnson
1254583,Jamie Dornan
222130,Eloise Mumford
59251,Victor Rasuk
4726,Marcia Gay Harden
1089873,Rita Ora
540,Callum Keith Rennie
1330999,Madison Wolfe
1554519,Lauren Esposito
1554515,Benjamin Haigh
1554514,Patrick Mcauley
33394,Maria Doyle Kennedy
163545,Simon Delaney
2978,Max Minghella
88123,Brenda Song
80591,Rashida Jones
56930,David Selby
2453,Mary Steenburgen
1065,Thomas F. Wilson
2454,Matt Clark
2455,Christopher Wynne
2456,Sean Sullivan
380,Robert De Niro
14343,Rene Russo
521563,Anders Holm
1561685,Jojo Kushner
990369,Andrew Rannells
212604,Adam Devine
130535,Zack Pearlman
1561688,Jason Orley
1368787,Christina Scherer
1121,Benicio Del Toro
6279,Alexis Bledel
40900,Mark Rylance
39388,Amy Ryan
21278,Alan Alda
970216,Austin Stowell
141034,Billy Magnussen
1371012,Michael Simon Hall
91453,Edward James Hyland
79991,Stephen Kunken
1580598,Samantha Mahurin
7487,David Bowie
15555,Piper Perabo
177765,Daniel Davis
1136406,Tom Holland
1304662,Samuel Joslin
1207881,Oaklee Pendergast
587930,Marta Etura
147446,Sönke Möhring
400,Geraldine Chaplin
1026231,Ploy Jindachote
1467497,Jomjaoi Sae-Limh
2406,Mathieu Kassovitz
2407,Rufus
2408,Jamel Debbouze
1654,Claire Maurier
2412,Isabelle Nanty
2413,Dominique Pinon
2414,Artus De Penguern
2415,Yolande Moreau
2409,Lorella Cravotta
20738,Song Kang-Ho
21689,Ko Ah-Sung
51798,Katee Sackhoff
31384,Jordi Mollà
71913,Bokeem Woodbine
82819,Nolan Gerard Funk
172915,Noah Danby
224227,Keri Hilson
105496,Neil Napier
1167375,Alex Roe
1379122,Zackary Arthur
74537,Maggie Siff
17402,Ron Livingston
1379123,Talitha Bateman
62561,Tessa Thompson
119598,Phylicia Rashād
131423,Hans Marrero
99166,Will Blagrove
1537624,Tony Bellew
13939,Ritchie Coster
1277581,Jacob 'Stitch' Duran
5644,Alexandra Maria Lara
28478,Christian Mckay
52639,Tom Wlaschiha
10779,David Calder
21345,Stephen Mangan
58224,Jason Sudeikis
34847,Emma Roberts
96349,Molly C. Quinn
25089,Tomer Sisley
69122,Heather Graham
83585,Sasha Barrese
326,Kim Basinger
3796,Michael Gough
3798,Pat Hingle
3799,Billy Dee Williams
3785,Jack Palance
3800,Jerry Hall
3801,Tracey Walter
3802,Lee Wallace
41662,Lindsay Sloane
52935,John Francis Daley
1284159,Simon Baker
5090,Adrian Grenier
10580,Tracie Thoms
10581,Rich Sommer
10582,Daniel Sunjata
24535,David Marshall Grant
147710,Nolan Gould
127963,Shaun White
40279,Jenna Elfman
23821,Bryan Greenberg
17273,Masi Oka
11867,Eric Mabius
146784,Ryan Mccluskey
1104994,Oscar Pearce
232174,Indra Ové
195535,Anna Bolt
72100,Joseph May
947006,Robert Tannion
61363,Alex Pettyfer
66743,Matt Bomer
52646,Vincent Kartheiser
60901,Toby Hemingway
6637,Frank Finlay
6638,Maureen Lipman
6639,Emilia Fox
6640,Ed Stoppard
6641,Julia Rayner
6642,Jessica Kate Meyer
6643,Michal Zebrowski
6644,Wanja Mues
78062,Aml Ameen
1389339,Blake Cooper
969045,Chris Sheffield
970561,Joe Adler
2,Mark Hamill
4,Carrie Fisher
24342,David Prowse
24343,Peter Mayhew
62862,Danny Mcbride
38582,David Krumholtz
82417,Russell Peters
83874,Michael Arden
59214,Cas Anvar
522169,Brent Skagford
572609,Craig Thomas
179421,Gordon Masten
3084,Marlon Brando
3087,Robert Duvall
8351,Frederic Forrest
8350,Sam Bottoms
8354,Albert Hall
2778,Dennis Hopper
3173,G. D. Spradlin
49271,Brian Geraghty
65196,Nadine Velazquez
42694,Tamara Tunie
31647,Garcelle Beauvais
1291350,Tony Revolori
1164,F. Murray Abraham
1116442,John Morris
12901,Erik Von Detten
12133,Laurie Metcalf
11885,John C. Mcginley
8655,R. Lee Ermey
6487,Richard Roundtree
31028,Richard Schiff
1558263,Julie Araskog
534,Mark Boone Junior
97599,Nathalie Boltt
230818,Sylvaine Strike
1086505,Elizabeth Mkandawie
53087,William Allen Young
240024,Nick Blake
1029046,Greg Melvill-Smith
82190,Robert Hobbs
190,Clint Eastwood
448,Hilary Swank
450,Mike Colter
451,Lucia Rijker
31713,Brían F. O'Byrne
452,Margo Martindale
453,Riki Lindhome
4800,Gena Rowlands
16896,James Garner
9880,Sam Shepard
76526,David Thornton
16666,Kevin Connolly
44822,Starletta Dupois
20374,Teresa Palmer
52997,Rob Corddry
74302,Cory Hardrict
982065,Vincent Leclerc
1172760,Daniel Rindress-Kay
1676049,Chris Cavener
48312,Noah Segan
78879,Xu Qing
91495,Mimi Kennedy
3968,Michael Sheen
971329,Nina Arianda
937039,Carla Bruni
28005,Maurice Sonnenberg
96376,Thierry Hancisse
1639,Emily Watson
30364,Tracey Ullman
34900,Paul Whitehouse
34901,Joanna Lumley
20766,Richard E. Grant
206919,Daniel Kaluuya
52886,Jeffrey Donovan
17688,Raoul Max Trujillo
36634,Julio Cedillo
167145,Hank Rogerson
1423519,Oona Laurence
62644,50 Cent
1070339,Skylan Brooks
1347239,Victor Ortiz
1078613,Beau Knapp
1561575,Miguel Gomez
91520,Michiel Huisman
1907,Kathy Baker
58370,Amanda Crew
20188,Lynda Boyd
144852,Richard Harmon
65808,Fulvio Cecere
87816,Anjali Jay
210824,Kristen Connolly
486603,Anna Hutchison
51533,Fran Kranz
210695,Jesse Williams
11367,Bradley Whitford
31137,Brian J. White
81133,Amy Acker
956719,Tim Dezarn
208519,Nick Kroll
29221,Brittany Snow
73128,Skylar Astin
18980,Katey Sagal
221098,Anna Camp
1107296,Ben Platt
999790,Alexis Knapp
15827,Scott Weinger
15829,Linda Larkin
15830,Jonathan Freeman
15831,Frank Welker
15832,Gilbert Gottfried
15833,Douglas Seale
81178,Charlie Adler
35219,Corey Burton
689,Kate Capshaw
690,Jonathan Ke Quan
691,Amrish Puri
693,Roshan Seth
694,Philip Stone
695,Roy Chiao
696,David Yip
11397,Ric Young
699,Chua Kah Joo
7674,Alexander Godunov
7675,Paul Gleason
7677,De'Voreaux White
51581,Clarence Gilyard Jr.
7678,Hart Bochner
239271,Jeremy Strong
168877,Finn Wittrock
41556,Omari Hardwick
27492,Garrett M. Brown
586,Sean Young
587,Edward James Olmos
588,M. Emmet Walsh
590,William Sanderson
592,Joe Turkel
593,Joanna Cassidy
51936,Lindy Booth
49002,Donald Faison
978,Steven Mackintosh
229606,Monica Dolan
9779,Morris Chestnut
71530,Romany Malco
74308,Christopher Carley
74309,Bee Vang
74312,Ahney Her
10138,Brian Haley
16502,Geraldine Hughes
74303,Dreama Walker
1232496,William Hill
55775,Katie Cassidy
55776,Holly Valance
49278,Olivier Rabourdin
35893,Camille Japy
6692,Caroline Goodall
6693,Jonathan Sagall
6694,Malgorzata Gebel
6695,Shmuel Levy
6696,Mark Ivanir
6697,Béatrice Macola
6858,Mike Vogel
5606,Sissy Spacek
84300,Chris Lowell
999605,Ahna O'Reilly
51989,Jessica Lucas
51992,Odette Annable
51991,Michael Stahl-David
51993,Anjul Nigam
51994,Margot Farley
51995,Theo Rossi
51996,Brian Klugman
39520,Garret Dillahunt
41249,Tess Harper
12852,Barry Corbin
51732,Rodger Boyce
11477,Ray Liotta
4517,Joe Pesci
11478,Lorraine Bracco
7004,Paul Sorvino
11480,Frank Sivero
11482,Tony Darrow
5170,Mike Starr
7164,Frank Vincent
11479,Chuck Low
1159,Steven Bauer
1161,Mary Elizabeth Mastrantonio
1163,Miriam Colón
1165,Paul Shenar
1166,Harris Yulin
1167,Ángel Salazar
4029,Bob Gunton
6576,Mark Rolston
6577,James Whitmore
6575,Gil Bellows
12645,Jeffrey Demunn
92119,Larry Brandenburg
12670,Takuya Kimura
20338,Akihiro Miwa
19592,Tatsuya Gashûin
40449,Mitsunori Isaki
40450,Yo Oizumi
40451,Akio Ohtsuka
40452,Daijiro Harada
40453,Haruko Kato
225730,Ryunosuke Kamiki
533325,Chieko Baishô
55085,Amber Heard
112119,Derek Graf
933182,Justin Price
17735,Mike White
1330040,Victory Van Tuyl
117669,Portia Doubleday
65727,Sam Jaeger
211488,Katherine Boecher
1197040,Kelly Sarah
100,Scott Speedman
3969,Shane Brolly
3970,Erwin Leder
1119,Robbie Gee
3972,Wentworth Miller
3952,Kevin Grevioux
67837,Jacki Weaver
6217,Anupam Kher
40543,John Ortiz
652,Paul Freeman
653,Ronald Lacey
659,Wolf Kahler
660,Anthony Higgins
661,Vic Tablian
662,Don Fellows
11510,Macaulay Culkin
11514,Catherine O'Hara
11511,Daniel Stern
11512,John Heard
11516,Devin Ratray
11518,Hillary Wolf
11517,Gerry Bamman
11522,Jedidiah Cohen
16293,Anthony Heald
31649,Brooke Smith
6930,Diane Baker
51864,Kasi Lemmons
13936,Frankie Faison
553504,Shanley Caswell
63663,Hayley Mcfarland
1186839,Kyla Deaver
979807,Shannon Kook
34490,Sarah Paulson
467633,Adepero Oduye
1920,Winona Ryder
1902,Dianne Wiest
1904,Anthony Michael Hall
1905,Vincent Price
1908,Robert Oliveri
1909,Conchata Ferrell
1910,Caroline Aaron
47627,Janet Mcteer
74056,Brendan Coyle
1080542,Jenna Coleman
96841,Matthew Lewis
122535,Samantha Spiro
1231106,Steve Peacocke
556356,Vanessa Kirby
175829,Brian D'Arcy James
1616703,Gene Amoroso
69423,Maureen Keiller
209,Jane Adams
77013,Deirdre O'Connell
130840,Thomas Jay Ryan
71815,Emily Meade
148096,Miles Heizer
3196,Juliette Lewis
1443708,Kimiko Glenn
1276759,Machine Gun Kelly
62646,Marc John Jefferies
1034197,Samira Wiley
1560243,Brian 'Sene' Marc
7301,Anthony Perkins
7303,Vera Miles
7304,John Gavin
7302,Janet Leigh
1936,Martin Balsam
53010,John Mcintire
14063,Simon Oakland
78902,Frank Albertson
12500,Patricia Hitchcock
3641,Vaughn Taylor
46593,Emile Hirsch
20089,Jena Malone
46594,Brian H. Dierker
11066,Hal Holbrook
622,Yōji Matsuda
20330,Yuriko Ishida
20331,Yūko Tanaka
20332,Kaoru Kobayashi
20333,Masahiko Nishimura
20334,Tsunehiko Kamijô
613,Sumi Shimamoto
20335,Tetsu Watanabe
20336,Mitsuru Satô
20337,Akira Nagoya
10409,Shelley Duvall
10410,Danny Lloyd
7077,Scatman Crothers
10411,Barry Nelson
10412,Anne Jackson
16504,Tony Burton
72742,Barry Dennen
1066,Claudia Wells
1067,Marc Mcclure
1068,Wendie Jo Sperber
1069,George Dicenzo
1070,Frances Lee Mccain
19587,Rumi Hiiragi
19588,Miyu Irino
19589,Mari Natsuki
19590,Takashi Naito
19591,Yasuko Sawaguchi
19594,Yumi Tamai
554423,Koba Hayashi
29222,Zac Efron
198150,Ike Barinholtz
54708,Carla Gallo
934243,Halston Sage
104561,Craig Roberts
42168,Nancy Fish
53400,Tim Bagley
53401,Johnny Williams
20899,Peter Riegert
11803,Peter Greene
1219,Amy Yasbeck
53402,Richard Jeni
53403,Orestes Matacena
1101,Carl Weathers
1103,Bill Duke
1104,Jesse Ventura
1105,Sonny Landham
1106,Richard Chaves
1107,R. G. Armstrong
1108,Shane Black
1109,Kevin Peter Hall
49265,Lindsay Lohan
51857,Tim Meadows
86267,Ana Gasteyer
22082,Lacey Chabert
76996,Jonathan Bennett
1099876,Kenny Chin
1502376,Jamahl Garrison-Lowe
155222,Jeremy Shamos
122551,Katherine O'Sullivan
20354,Amber Tamblyn
11291,Clémence Poésy
20879,Kate Burton
4515,Treat Williams
142182,Sean Bott
142183,Koleman Stinger
60467,Parker Hadley
54692,Martha Macisaac
53208,Aviva
2712,Michael Biehn
781,Paul Reiser
2714,Lance Henriksen
10206,Carrie Henn
10207,William Hope
10208,Al Matthews
1072572,Ester Dean
1107297,Hana Mae Lee
569,Ethan Hawke
2692,Robert Sean Leonard
2693,Gale Hansen
2694,Josh Charles
2695,Dylan Kussman
2696,Allelon Ruggiero
2697,James Waterston
2698,Norman Lloyd
2115,Kurtwood Smith
34485,Lauren Holly
8437,Teri Garr
76131,Karen Duffy
7867,Charles Rocket
65020,Victoria Rowell
77547,Brady Bluhm
184180,Cam Neely
16970,Ivana Baquero
16971,Maribel Verdú
16972,Sergi López
17006,Ariadna Gil
3813,Alex Angulo
17007,Roger Casamajor
592709,Manolo Solo
25219,César Vea
31422,Ivan Massagué
39185,Kevin Eldon
39187,Olivia Colman
39186,Karl Johnson
24265,Bill Bailey
10669,Timothy Dalton
66288,Roberts Blossom
945734,Michael C. Maronna
11515,Angela Goethals
516,Annette Bening
2155,Thora Birch
8211,Mena Suvari
2154,Scott Bakula
8212,Peter Gallagher
548169,Freya Wilson
224878,Ramona Marquez
85718,Allen Leech
213394,Matthew Beard
1362119,James Northcote
43034,Tom Goodman-Hill
72855,Felicity Jones
23458,Charlie Cox
76944,Maxine Peake
205258,Harry Lloyd
1361963,Tom Prior
1387383,Sophie Perry
110014,Christina Hendricks
972270,Kaden Leos
51303,Jeff Wolfe
37156,James Biberi
1232,David Huddleston
1234,Tara Reid
16431,Sam Elliott
856,Ben Gazzara
1533,Andie Macdowell
1534,Chris Elliott
537,Stephen Tobolowsky
1535,Brian Doyle-Murray
1537,Angela Paton
1538,Rick Ducommun
1539,Rick Overton
1540,Robin Duke
1542,Willie Garson
72119,Mia Drake Inderbitzin
76789,Saurabh Shukla
76790,Rajendranath Zutshi
76791,Jeneva Talwar
1120194,Ayush Mahesh Khedekar
85456,Mahesh Manjrekar
10767,Barbara Hershey
970088,Benjamin Millepied
140407,Ksenia Solo
43443,Kristina Anapau
90755,Janet Montgomery
3092,Diane Keaton
3096,John Cazale
3094,Talia Shire
3171,Lee Strasberg
3172,Michael V. Gazzo
3174,Richard Bright
18976,Ashton Kutcher
4766,Melora Walters
20189,Amy Smart
20220,Elden Henson
10128,William Lee Scott
7036,Eric Stoltz
824,Ethan Suplee
20221,Nathaniel Deveaux
85140,Kevin G. Schmidt
1457238,Sonoya Mizuno
1457239,Claire Selby
1394342,Symara A. Templeman
1457240,Gana Bayarsaikhan
1457241,Tiffany Pisani
1394348,Elina Alminas
1277188,Jacob Tremblay
144160,Sean Bridgers
64712,Tom Mccamus
1232769,Amanda Brugel
86237,Joe Pingue
19957,Wendy Crewson
132157,Ezra Miller
19961,Nina Dobrev
52404,Mae Whitman
1053419,Erin Wilhelmi
27104,Johnny Simmons
61114,Kate Walsh
37366,Linda Blair
21736,Jason Miller
5248,Lee J. Cobb
57921,Kitty Winn
65433,William O'Malley
14016,Jack Macgowran
79732,Barton Heyman
71732,Peter Masterson
6355,Roy Scheider
8606,Robert Shaw
8607,Lorraine Gary
8608,Murray Hamilton
8555,Carl Gottlieb
8609,Jeffrey Kramer
8610,Susan Backlinie
5286,Jonathan Filley
8611,Chris Rebello
21593,Jason Biggs
21594,Chris Klein
21403,Thomas Ian Nicholas
21595,Alyson Hannigan
21596,Shannon Elizabeth
52480,Eddie Kaye Thomas
26510,Eugene Levy
10871,Natasha Lyonne
558466,Alex Russell
213044,Anna Wood
589098,Ashley Hinshaw
137463,Joe Vaz
934796,Luke Tyler
231651,Crystal-Donna Roberts
232006,Nat Wolff
131006,Sam Trammell
133931,Lotte Verbeek
113373,Mike Birbiglia
1431805,Ana Dela Cruz
152902,Randy Kovitz
1029934,Justice Smith
148992,Austin Abrams
1449596,Jaz Sinclair
20047,Cara Buono
155077,Stevie Ray Dallimore
1421424,Meg Crosbie
1421422,Caitlin Carver
1095524,Lydia Wilson
156356,Richard Cordery
1394375,Joshua Mcguire
1221073,Will Merrick
980,Vinnie Jones
1116,Alan Ford
1120,Lennie James
5,Peter Cushing
12248,Alec Guinness
245,Keir Dullea
246,Gary Lockwood
247,William Sylvester
253,Douglas Rain
248,Daniel Richter
249,Leonard Rossiter
250,Margaret Tyzack
251,Robert Beatty
252,Sean Sullivan
102573,Frank Miller
9976,Henry Thomas
9978,Robert Macnaughton
62001,Dee Wallace
9979,Peter Coyote
23764,Erika Eleniak
9981,Sean Frye
2878,C. Thomas Howell
9980,K. C. Martel
9982,David M. O'Dell
6613,Minnie Driver
6615,John Mighton
6616,Rachel Majorowski
6617,Colleen Mccauley
821,Beverly D'Angelo
822,Avery Brooks
823,Jennifer Lien
826,Fairuza Balk
828,Guy Torry
4139,Tom Skerritt
5047,Veronica Cartwright
5048,Harry Dean Stanton
5050,Yaphet Kotto
5051,Bolaji Badejo
5052,Helen Horton
1077325,Eddie Powell
37158,Carmen Ejogo
70303,Zach Gilford
31168,Kiele Sanchez
95517,Justina Machado
38571,John Beasley
21675,Jack Conley
53252,Noel Gugliemi
3979,Castulo Guerra
8891,John Travolta
99,Amanda Plummer
2319,Maria De Medeiros
97604,Kevin Rahm
61084,Michael Hyatt
59260,Ann Cusack
18293,Kathleen York
1152043,Carolyn Gilroy
36060,Price Carson
20767,Samantha Mathis
11154,Matt Ross
32029,Bill Sage
2617,Cara Seymour
29220,Amanda Bynes
55086,Cam Gigandet
14406,Lisa Kudrow
56890,Malcolm Mcdowell
110927,Penn Badgley
59283,Dan Byrd
9278,Jennifer Garner
52457,Eileen Pedde
52458,Daniel Clark
3085,James Caan
3086,Richard S. Castellano
3088,Sterling Hayden
3142,John Marley
3090,Richard Conte
3091,Al Lettieri
11664,Zooey Deschanel
5375,Geoffrey Arend
5661,Matthew Gray Gubler
56358,Patricia Belcher
96624,Rachel Boston
96625,Minka Kelly
133591,Ian Reed Kesler
1818,Paul Winfield
2715,Bess Motta
2717,Rick Rossovich
2719,Brian Thompson
9045,Stephen Baldwin
5168,Gabriel Byrne
9046,Chazz Palminteri
7166,Kevin Pollak
2179,Suzy Amis
6486,Dan Hedaya
17487,John Gallagher Jr.
60881,Douglas M. Griffin
1354257,Cindy Hogan
8269,Suzanne Cryer
1413361,Maya Erskine
1120025,Mat Vairo
1253678,Ryan Martin Dwyer
81681,Denis O'Hare
18324,Steve Zahn
21710,Michael O'Neill
424,Dallas Roberts
2171,Griffin Dunne
114000,Kevin Rankin
230995,Donna Duplantier
538,Harriet Sansom Harris
544,Larry Holden
536,Jorja Fox
535,Russ Fega
11110,Kate Ashfield
11111,Lucy Davis
7028,Dylan Moran
11115,Peter Serafinowicz
1249,Penelope Wilton
34551,Reece Shearsmith
4443,Christopher Mcdonald
9565,Louise Lasser
14548,Marcia Jean Kurtz
171117,Janet Sarno
11484,Suzanne Shepherd
1173,Mark Margolis
723,Patrick Swayze
5151,Beth Grant
1578,Holmes Osborne
1580,Daveigh Chase
1582,James Duval
7071,Louise Fletcher
518,Danny Devito
7072,William Redfield
1370,Brad Dourif
68301,Will Sampson
7075,Dean R. Brooks
7073,Michael Berryman
1772,Anna Faris
1770,Akiko Takeshita
1773,Kazuyoshi Minamimagoe
1774,Kazuko Shibata
1775,Take
1785,Fumihiro Hayashi
1786,Hiroko Kawasaki
931944,Ellar Coltrane
4687,Patricia Arquette
1467501,Elijah Smith
1327009,Lorelei Linklater
32239,Steven Chester Prince
1467504,Bonnie Cross
1467505,Sydney Orta
2857,Libby Villari
994259,Marco Perella
129104,Melissa Benoist
223012,Jayson Blair
159366,Kavita Patil
1451540,Nate Lang
53454,Damon Gupton
18023,Robert Carlyle
9016,Eileen Nicholas
1837,Susan Vidler
81083,Max Burkholder
131781,Adelaide Kane
55899,Rhys Wakefield
458286,Tony Oller
56679,Edwin Hodge
305993,Tom Yi
33432,Arija Bareikis
10112,Yoo Ji-Tae
1299317,Kang Hye-Jung
1299313,Kim Byeong-Ok
77188,Oh Dal-Su
139491,Ji Dae-Han
77183,Oh Tae-Kyung
117504,Yoon Jin-Seo
554330,Lee Seung-Shin
39258,Lee Dae-Yeon
5460,Adriana Caselotti
288940,Lucille La Verne
540747,Harry Stockwell
5457,Roy Atwell
5462,Pinto Colvig
5465,Otis Harlan
364526,Scotty Mattraw
5464,Billy Gilbert
5461,Eddie Collins
18586,Moroni Olsen
2140,Monica Potter
2136,Michael Emerson
2131,Ken Leung
2144,Tobin Bell
2128,Leigh Whannell
2133,Dina Meyer
2134,Mike Butters
2135,Paul Gutrecht
2969,Chris Penn
6937,Lawrence Tierney
6939,Edward Bunker
138,Quentin Tarantino
6938,Randy Brooks
3206,Kirk Baltz
3265,Eli Wallach
4078,Lee Van Cleef
5813,Aldo Giuffrè
5814,Luigi Pistilli
5815,Rada Rassimov
5816,John Bartha
5817,Livio Lorenzon
5818,Antonio Casale
5819,Angelo Novi
1036,Cybill Shepherd
1039,Peter Boyle
1040,Leonard Harris
1041,Diahnne Abbott
1043,Gino Ardito
1032,Martin Scorsese
4958,Henry Fonda
5247,John Fiedler
5249,E.G. Marshall
5250,Jack Klugman
2651,Edward Binns
5251,Jack Warden
5252,Joseph Sweeney
39816,Ed Begley
